,0
0,http://resources.metmuseum.org/resources/metpublications/pdf/Abbot_Suger_and_Saint_Denis.pdf
1,http://resources.metmuseum.org/resources/metpublications/pdf/The_Academy_of_the_Sword_Illustrated_Fencing_Books_1500_1800.pdf
2,http://resources.metmuseum.org/resources/metpublications/pdf/The_Adele_and_Arthur_Lehman_Collection.pdf
3,http://resources.metmuseum.org/resources/metpublications/pdf/Adorning_the_World_Art_of_the_Marquesas_Islands.pdf
4,http://resources.metmuseum.org/resources/metpublications/pdf/Afghanistan_Forging_Civilizations_along_the_Silk_Road.pdf
5,http://resources.metmuseum.org/resources/metpublications/pdf/African_Ivories.pdf
6,http://resources.metmuseum.org/resources/metpublications/pdf/The_Age_of_Caravaggio.pdf
7,http://resources.metmuseum.org/resources/metpublications/pdf/The_Age_of_Napoleon_Costume_from_Revolution_to_Empire_1789_1815.pdf
8,http://resources.metmuseum.org/resources/metpublications/pdf/Age_of_Spirituality_A_Symposium.pdf
9,http://resources.metmuseum.org/resources/metpublications/pdf/Age_of_Spirituality_Late_Antique_and_Early_Christian_Art_Third_to_Seventh_Century.pdf
10,http://resources.metmuseum.org/resources/metpublications/pdf/Al_Andalus_The_Art_of_Islamic_Spain.pdf
11,http://resources.metmuseum.org/resources/metpublications/pdf/All_the_Mighty_World_The_Photographs_of_Roger_Fenton_1852_1860.pdf
12,http://resources.metmuseum.org/resources/metpublications/pdf/Along_the_Ancient_Silk_Routes_Central_Asian_Art_from_the_West_Berlin_State_Museums.pdf
13,http://resources.metmuseum.org/resources/metpublications/pdf/Along_the_Border_of_Heaven_Sung_and_Yuan_Paintings_from_the_C_C_Wang_Collection.pdf
14,http://resources.metmuseum.org/resources/metpublications/pdf/Along_the_Riverbank_Chinese_Paintings_from_the_C_C_Wang_Family_Collection.pdf
15,http://resources.metmuseum.org/resources/metpublications/pdf/American_Art_Posters_of_the_1890s_in_The_Metropolitan_Museum_of_Art_including_the_Leonard_A_Lauder.pdf
16,http://resources.metmuseum.org/resources/metpublications/pdf/American_Art_from_American_Collections.pdf
17,http://resources.metmuseum.org/resources/metpublications/pdf/American_Drawings_and_Watercolors_in_The_Metropolitan_Museum_of_Art_John_Singer_Sargent.pdf
18,http://resources.metmuseum.org/resources/metpublications/pdf/American_Drawings_and_Watercolors_in_The_Metropolitan_Museum_of_Art_Vol_1_A_Catalogue_of_Works_by.pdf
19,http://resources.metmuseum.org/resources/metpublications/pdf/American_Engraved_Powder_Horns.pdf
20,http://resources.metmuseum.org/resources/metpublications/pdf/American_Furniture_in_The_Metropolitan_Museum_of_Art_Late_Colonial_Period_Vol_II_The_Queen_Anne_a.pdf
21,http://resources.metmuseum.org/resources/metpublications/pdf/American_Furniture_in_the_Metropolitan_Museum_of_Art_Vol_I_Early_Colonial_Period_The_Seventeenth_Century.pdf
22,http://resources.metmuseum.org/resources/metpublications/pdf/American_Impressionism_and_Realism_The_Painting_of_Modern_Life_1885_1915.pdf
23,http://resources.metmuseum.org/resources/metpublications/pdf/American_Impressionist_and_Realist_Paintings_and_Drawings_from_the_Collection_of_Mr_and_Mrs_Raymond.pdf
24,http://resources.metmuseum.org/resources/metpublications/pdf/American_Ingenuity_Sportswear_1930s_1970s.pdf
25,http://resources.metmuseum.org/resources/metpublications/pdf/American_Kasten_The_Dutch_Style_Cupboards_of_New_York_and_New_Jersey_1650_1800.pdf
26,http://resources.metmuseum.org/resources/metpublications/pdf/American_Musical_Instruments_in_The_Metropolitan_Museum_of_Art.pdf
27,http://resources.metmuseum.org/resources/metpublications/pdf/American_Paintings_A_Catalogue_of_the_Collection_of_The_Metropolitan_Museum_of_Art_Vol_1_Painters.pdf
28,http://resources.metmuseum.org/resources/metpublications/pdf/American_Paintings_and_Historical_Prints_from_the_Middendorf_Collection.pdf
29,http://resources.metmuseum.org/resources/metpublications/pdf/American_Paintings_in_The_Metropolitan_Museum_of_Art_Vol_2_A_Catalogue_of_Works_by_Artists_Born_be.pdf
30,http://resources.metmuseum.org/resources/metpublications/pdf/American_Paintings_in_The_Metropolitan_Museum_of_Art_Vol_3_A_Catalogue_of_Works_by_Artists_Born_be.pdf
31,http://resources.metmuseum.org/resources/metpublications/pdf/American_Paradise_The_World_of_the_Hudson_River_School.pdf
32,http://resources.metmuseum.org/resources/metpublications/pdf/American_Pastels_in_The_Metropolitan_Museum_of_Art.pdf
33,http://resources.metmuseum.org/resources/metpublications/pdf/American_Porcelain_1770_1920.pdf
34,http://resources.metmuseum.org/resources/metpublications/pdf/American_Portrait_Miniatures_in_the_Manney_Collection.pdf
35,http://resources.metmuseum.org/resources/metpublications/pdf/American_Quilts_and_Coverlets_in_The_Metropolitan_Museum_of_Art.pdf
36,http://resources.metmuseum.org/resources/metpublications/pdf/American_Rococo_1750_1775_Elegance_in_Ornament.pdf
37,http://resources.metmuseum.org/resources/metpublications/pdf/American_Sculpture_A_Catalogue_of_the_Collection_of_The_Metropolitan_Museum_of_Art.pdf
38,http://resources.metmuseum.org/resources/metpublications/pdf/American_Sculpture_in_The_Metropolitan_Museum_of_Art_Vol_1_A_Catalogue_of_Works_by_Artists_Born_be.pdf
39,http://resources.metmuseum.org/resources/metpublications/pdf/American_Sculpture_in_The_Metropolitan_Museum_of_Art_Vol_2_A_Catalogue_of_Works_by_Artists_Born_be.pdf
40,http://resources.metmuseum.org/resources/metpublications/pdf/American_Stories_Paintings_of_Everyday_Life_1765_1915.pdf
41,http://resources.metmuseum.org/resources/metpublications/pdf/The_American_Wing_A_Guide_1980.pdf
42,http://resources.metmuseum.org/resources/metpublications/pdf/The_American_Wing_at_the_Metropolitan_Museum_of_Art_1985.pdf
43,http://resources.metmuseum.org/resources/metpublications/pdf/Ancient_Art_from_Cyprus_The_Cesnola_Collection_in_The_Metropolitan_Museum_of_Art.pdf
44,http://resources.metmuseum.org/resources/metpublications/pdf/Ancient_Art_in_Miniature_Ancient_Near_Eastern_Seals_from_the_Collection_of_Martin_and_Sarah_Cherkask.pdf
45,http://resources.metmuseum.org/resources/metpublications/pdf/Ancient_Chinese_Art_The_Ernest_Erickson_Collection_in_The_Metropolitan_Museum_of_Art.pdf
46,http://resources.metmuseum.org/resources/metpublications/pdf/Ancient_Egyptian_Calligraphy.pdf
47,http://resources.metmuseum.org/resources/metpublications/pdf/Ancient_Egyptian_Epigraphy_and_Palaeography.pdf
48,http://resources.metmuseum.org/resources/metpublications/pdf/Ancient_Egyptian_Jewelry_A_Picture_Book.pdf
49,http://resources.metmuseum.org/resources/metpublications/pdf/Ancient_Egyptian_Representations_of_Turtles.pdf
50,http://resources.metmuseum.org/resources/metpublications/pdf/Ancient_Peruvian_Ceramics_The_Nathan_Cummings_Collection.pdf
51,http://resources.metmuseum.org/resources/metpublications/pdf/Ancient_Peruvian_Mantles_300_BC_AD_200.pdf
52,http://resources.metmuseum.org/resources/metpublications/pdf/Andean_Four_Cornered_Hats_Ancient_Volumes.pdf
53,http://resources.metmuseum.org/resources/metpublications/pdf/AngloMania_Tradition_and_Transgression_in_British_Fashion.pdf
54,http://resources.metmuseum.org/resources/metpublications/pdf/Antonello_da_Messina_Sicilys_Renaissance_Master.pdf
55,http://resources.metmuseum.org/resources/metpublications/pdf/Anvaris_Divan_A_Pocket_Book_for_Akbar.pdf
56,http://resources.metmuseum.org/resources/metpublications/pdf/Architectural_and_Ornament_Drawings_Juvarra_Vanvitelli_the_Bibiena_Family_and_Other_Italian_Draug.pdf
57,http://resources.metmuseum.org/resources/metpublications/pdf/The_Armored_Horse_in_Europe_1480_1620.pdf
58,http://resources.metmuseum.org/resources/metpublications/pdf/Arms_and_Armor_Notable_Acquisitions_1991_2002.pdf
59,http://resources.metmuseum.org/resources/metpublications/pdf/Art_Biology_and_Conservation_Biodeterioration_of_Works_of_Art.pdf
60,http://resources.metmuseum.org/resources/metpublications/pdf/The_Art_Heritage_of_Puerto_Rico_Pre_Columbian_to_Present.pdf
61,http://resources.metmuseum.org/resources/metpublications/pdf/Art_and_Anatomy_in_Renaissance_Italy_Images_from_a_Scientific_Revolution.pdf
62,http://resources.metmuseum.org/resources/metpublications/pdf/Art_and_Autoradiography_Insights_into_the_Genesis_of_Paintings_by_Rembrandt_Van_Dyck_and_Vermeer.pdf
63,http://resources.metmuseum.org/resources/metpublications/pdf/Art_and_Love_in_Renaissance_Italy.pdf
64,http://resources.metmuseum.org/resources/metpublications/pdf/Art_and_Oracle_African_Art_and_Rituals_of_Divination.pdf
65,http://resources.metmuseum.org/resources/metpublications/pdf/Art_and_the_Empire_City_New_York_1825_1861.pdf
66,http://resources.metmuseum.org/resources/metpublications/pdf/The_Art_of_Africa_A_Resource_for_Educators.pdf
67,http://resources.metmuseum.org/resources/metpublications/pdf/The_Art_of_Ancient_Egypt_A_Resource_for_Educators.pdf
68,http://resources.metmuseum.org/resources/metpublications/pdf/The_Art_of_Chivalry_European_Arms_and_Armor_from_The_Metropolitan_Museum_of_Art.pdf
69,http://resources.metmuseum.org/resources/metpublications/pdf/The_Art_of_Gandhara_in_The_Metropolitan_Museum_of_Art.pdf
70,http://resources.metmuseum.org/resources/metpublications/pdf/The_Art_of_Illumination_The_Limbourg_Brothers_and_the_Belles_Heures_of_Jean_de_France_Duc_de_Berr.pdf
71,http://resources.metmuseum.org/resources/metpublications/pdf/Art_of_Island_Southeast_Asia_The_Fred_and_Rita_Richman_Collection.pdf
72,http://resources.metmuseum.org/resources/metpublications/pdf/The_Art_of_Medicine_in_Ancient_Egypt.pdf
73,http://resources.metmuseum.org/resources/metpublications/pdf/The_Art_of_Medieval_Spain_AD_500_1200.pdf
74,http://resources.metmuseum.org/resources/metpublications/pdf/Art_of_Oceania_Africa_and_the_Americas_from_the_Museum_of_Primitive_Art.pdf
75,http://resources.metmuseum.org/resources/metpublications/pdf/The_Art_of_Precolumbian_Gold_The_Jan_Mitchell_Collection.pdf
76,http://resources.metmuseum.org/resources/metpublications/pdf/The_Art_of_Renaissance_Europe_A_Resource_for_Educators.pdf
77,http://resources.metmuseum.org/resources/metpublications/pdf/The_Art_of_South_and_Southeast_Asia_A_Resource_for_Educators.pdf
78,http://resources.metmuseum.org/resources/metpublications/pdf/Art_of_the_Ancient_Near_East_A_Resource_for_Educators.pdf
79,http://resources.metmuseum.org/resources/metpublications/pdf/Art_of_the_Bronze_Age_Southeastern_Iran_Western_Central_Asia_and_the_Indus_Valley.pdf
80,http://resources.metmuseum.org/resources/metpublications/pdf/Art_of_the_Classical_World_in_The_Metropolitan_Museum_of_Art_Greece_Cyprus_Etruria_Rome.pdf
81,http://resources.metmuseum.org/resources/metpublications/pdf/Art_of_the_Dogon_Selections_from_the_Lester_Wunderman_Collection.pdf
82,http://resources.metmuseum.org/resources/metpublications/pdf/Art_of_the_First_Cities_The_Third_Millennium_BC_from_the_Mediterranean_to_the_Indus.pdf
83,http://resources.metmuseum.org/resources/metpublications/pdf/Art_of_the_Korean_Renaissance_1400_1600.pdf
84,http://resources.metmuseum.org/resources/metpublications/pdf/Art_of_the_Royal_Court_Treasures_in_Pietre_Dure_from_the_Palaces_of_Europe.pdf
85,http://resources.metmuseum.org/resources/metpublications/pdf/Art_of_the_Samurai_Japanese_Arms_and_Armor_1156_1868.pdf
86,http://resources.metmuseum.org/resources/metpublications/pdf/Arte_del_mar_Art_of_the_Early_Caribbean.pdf
87,http://resources.metmuseum.org/resources/metpublications/pdf/The_Arts_Under_Napoleon.pdf
88,http://resources.metmuseum.org/resources/metpublications/pdf/Arts_of_Korea.pdf
89,http://resources.metmuseum.org/resources/metpublications/pdf/Arts_of_the_Sung_and_Yuan.pdf
90,http://resources.metmuseum.org/resources/metpublications/pdf/Assyrian_Origins_Discoveries_at_Ashur_on_the_Tigris_Antiquities_in_the_Vorderasiatisches_Museum_Be.pdf
91,http://resources.metmuseum.org/resources/metpublications/pdf/Assyrian_Reliefs_and_Ivories_in_The_Metropolitan_Museum_of_Art_Palace_Reliefs_of_Assurnasirpal_II_an.pdf
92,http://resources.metmuseum.org/resources/metpublications/pdf/Attic_Black_Figured_Neck_Amphorae_Corpus_Vasorum_Antiquorum_Fascicule_4.pdf
93,http://resources.metmuseum.org/resources/metpublications/pdf/Auguste_Rodin_The_Burghers_of_Calais_A_Resource_for_Educators.pdf
94,http://resources.metmuseum.org/resources/metpublications/pdf/Augustin_Pajou_Royal_Sculptor_1730_1809.pdf
95,http://resources.metmuseum.org/resources/metpublications/pdf/Augustus_Saint_Gaudens_Master_Sculptor.pdf
96,http://resources.metmuseum.org/resources/metpublications/pdf/Augustus_Saint_Gaudens_in_The_Metropolitan_Museum_of_Art.pdf
97,http://resources.metmuseum.org/resources/metpublications/pdf/Bacchante_and_Infant_Faun_Tradition_Controversy_and_Legacy.pdf
98,http://resources.metmuseum.org/resources/metpublications/pdf/Baltimore_Federal_Furniture_in_the_American_Wing.pdf
99,http://resources.metmuseum.org/resources/metpublications/pdf/Bare_Witness.pdf
100,http://resources.metmuseum.org/resources/metpublications/pdf/Before_Cortes_Sculpture_of_Middle_America.pdf
101,http://resources.metmuseum.org/resources/metpublications/pdf/Before_the_Roses_and_Nightingales_Excavations_at_Quasr_i_Abu_Nasr_Old_Shiraz.pdf
102,http://resources.metmuseum.org/resources/metpublications/pdf/Bernini_Sculpting_in_Clay.pdf
103,http://resources.metmuseum.org/resources/metpublications/pdf/Between_Two_Cultures_Late_Nineteenth_and_Twentieth_Century_Chinese_Paintings_from_the_Robert_H_Ell.pdf
104,http://resources.metmuseum.org/resources/metpublications/pdf/Beyond_Babylon_Art_Trade_and_Diplomacy_in_the_Second_Millenium_BC.pdf
105,http://resources.metmuseum.org/resources/metpublications/pdf/Beyond_Representation_Chinese_Painting_and_Calligraphy_Eighth_Fourteenth_Century.pdf
106,http://resources.metmuseum.org/resources/metpublications/pdf/Bloom.pdf
107,http://resources.metmuseum.org/resources/metpublications/pdf/Blue_and_White_Early_Japanese_Export_Ware.pdf
108,http://resources.metmuseum.org/resources/metpublications/pdf/Bridge_of_Dreams_The_Mary_Griggs_Burke_Collection_of_Japanese_Art.pdf
109,http://resources.metmuseum.org/resources/metpublications/pdf/Bronze_and_Iron_Ancient_Near_Eastern_Artifacts_in_The_Metropolitan_Museum_of_Art.pdf
110,http://resources.metmuseum.org/resources/metpublications/pdf/Byzantium_Faith_and_Power_1261_1557_Perspectives_on_Late_Byzantine_Art_and_Culture.pdf
111,http://resources.metmuseum.org/resources/metpublications/pdf/Cameo_Appearances.pdf
112,http://resources.metmuseum.org/resources/metpublications/pdf/Canaletto.pdf
113,http://resources.metmuseum.org/resources/metpublications/pdf/Candace_Wheeler_The_Art_and_Enterprise_of_American_Design_1875_1900.pdf
114,http://resources.metmuseum.org/resources/metpublications/pdf/A_Caravaggio_Rediscovered_The_Lute_Player.pdf
115,http://resources.metmuseum.org/resources/metpublications/pdf/The_Care_and_Handling_of_Art_Objects_Practices_in_The_Metropolitan_Museum_of_Art.pdf
116,http://resources.metmuseum.org/resources/metpublications/pdf/The_Care_and_Handling_of_Art_Objects_Practices_in_The_Metropolitan_Museum_of_Art_2019.pdf
117,http://resources.metmuseum.org/resources/metpublications/pdf/Caspar_David_Friedrich_Moonwatchers.pdf
118,http://resources.metmuseum.org/resources/metpublications/pdf/Catalogue_of_European_Court_Swords_and_Hunting_Swords.pdf
119,http://resources.metmuseum.org/resources/metpublications/pdf/Catalogue_of_European_Daggers.pdf
120,http://resources.metmuseum.org/resources/metpublications/pdf/A_Catalogue_of_the_Collection_of_Persian_Manuscripts.pdf
121,http://resources.metmuseum.org/resources/metpublications/pdf/Catalogue_of_the_Collection_of_Pottery_Porcelain_and_Faience.pdf
122,http://resources.metmuseum.org/resources/metpublications/pdf/The_Ceaseless_Century_Three_Hundred_Years_of_Eighteenth_Century_Costume.pdf
123,http://resources.metmuseum.org/resources/metpublications/pdf/A_Centennial_Album_Drawings_Prints_and_Photographs.pdf
124,http://resources.metmuseum.org/resources/metpublications/pdf/The_Cesnola_Collection_of_Cypriot_Stone_Sculpture.pdf
125,http://resources.metmuseum.org/resources/metpublications/pdf/The_Cesnola_Collection_of_Cypriot_Terracottas.pdf
126,http://resources.metmuseum.org/resources/metpublications/pdf/Chess_East_and_West_Past_and_Present_A_Selection_from_the_Gustavus_A_Pfeiffer_Collection.pdf
127,http://resources.metmuseum.org/resources/metpublications/pdf/Childe_Hassam_American_Impressionist.pdf
128,http://resources.metmuseum.org/resources/metpublications/pdf/China_Dawn_of_a_Golden_Age_200_750_AD.pdf
129,http://resources.metmuseum.org/resources/metpublications/pdf/China_Trade_Porcelain_Patterns_of_Exchange.pdf
130,http://resources.metmuseum.org/resources/metpublications/pdf/A_Chinese_Garden_Court.pdf
131,http://resources.metmuseum.org/resources/metpublications/pdf/Chinese_Textiles_An_Introduction.pdf
132,http://resources.metmuseum.org/resources/metpublications/pdf/Choirs_of_Angels_Painting_in_Italian_Choir_Books_1300_1500.pdf
133,http://resources.metmuseum.org/resources/metpublications/pdf/Christian_Dior.pdf
134,http://resources.metmuseum.org/resources/metpublications/pdf/Churchs_Great_Picture_The_Heart_of_the_Andes.pdf
135,http://resources.metmuseum.org/resources/metpublications/pdf/The_Cloisters_Apocalypse_An_Early_Fourteenth_Century_Manuscript_in_Facsimile.pdf
136,http://resources.metmuseum.org/resources/metpublications/pdf/The_Cloisters_Cross_Its_Art_and_Meaning.pdf
137,http://resources.metmuseum.org/resources/metpublications/pdf/The_Cloisters_Medieval_Art_and_Architecture_2005.pdf
138,http://resources.metmuseum.org/resources/metpublications/pdf/The_Cloisters_Studies_in_Honor_of_the_Fiftieth_Anniversary.pdf
139,http://resources.metmuseum.org/resources/metpublications/pdf/Cochineal_Red_the_art_history_of_a_color.pdf
140,http://resources.metmuseum.org/resources/metpublications/pdf/The_Colonial_Andes_Tapestries_and_Silverwork_1530_1830.pdf
141,http://resources.metmuseum.org/resources/metpublications/pdf/Color_and_Shape_in_American_Indian_Art.pdf
142,http://resources.metmuseum.org/resources/metpublications/pdf/A_Concise_Catalogue_of_the_European_Paintings_in_the_Metropolitan_Museum_of_Art.pdf
143,http://resources.metmuseum.org/resources/metpublications/pdf/Constables_England.pdf
144,http://resources.metmuseum.org/resources/metpublications/pdf/Contemporary_Ceramics_Selections_from_The_Metropolitan_Museum_of_Art.pdf
145,http://resources.metmuseum.org/resources/metpublications/pdf/Creating_Central_Park.pdf
146,http://resources.metmuseum.org/resources/metpublications/pdf/Cultivated_Landscapes_Chinese_Paintings_from_the_Collection_of_Marie_Helene_and_Guy_Weill.pdf
147,http://resources.metmuseum.org/resources/metpublications/pdf/Cultural_Convergence_in_the_Northern_Qi_Period_A_Flamboyant_Chinese_Ceramic_Container_a_research.pdf
148,http://resources.metmuseum.org/resources/metpublications/pdf/Cultures_in_Contact_From_Mesopotamia_to_the_Mediterranean_in_the_Second_Millennium_BC.pdf
149,http://resources.metmuseum.org/resources/metpublications/pdf/Cuneiform_Texts_in_The_Metropolitan_Museum_of_Art_Volume_I_Tablets_Cones_and_Bricks_of_the_Third_.pdf
150,http://resources.metmuseum.org/resources/metpublications/pdf/Cuneiform_Texts_in_The_Metropolitan_Museum_of_Art_Volume_II_Literary_and_Scholastic_Texts_of_the_Fi.pdf
151,http://resources.metmuseum.org/resources/metpublications/pdf/Cuneiform_Texts_in_The_Metropolitan_Museum_of_Art_Volume_III_Private_Archive_Texts_from_the_First_M.pdf
152,http://resources.metmuseum.org/resources/metpublications/pdf/Dance_A_Very_Social_History.pdf
153,http://resources.metmuseum.org/resources/metpublications/pdf/Dangerous_Beauty_Medusa_in_Classical_Art_The_Metropolitan_Museum_of_Art_Bulletin_v75_no_3.pdf
154,http://resources.metmuseum.org/resources/metpublications/pdf/Dangerous_Liaisons_Fashion_and_Furniture_in_the_Eighteenth_Century.pdf
155,http://resources.metmuseum.org/resources/metpublications/pdf/Daumier_Drawings.pdf
156,http://resources.metmuseum.org/resources/metpublications/pdf/David_and_Bathsheba_Ten_Early_Sixteenth_Century_Tapestries_from_the_Cluny_Museum_in_Paris.pdf
157,http://resources.metmuseum.org/resources/metpublications/pdf/Dawn_of_Egyptian_Art.pdf
158,http://resources.metmuseum.org/resources/metpublications/pdf/A_Decade_of_Collecting_1984_1993_Friends_of_Asian_Art_Gifts.pdf
159,http://resources.metmuseum.org/resources/metpublications/pdf/Defining_Yongle_Imperial_Art_in_Early_Fifteenth_Century_China.pdf
160,http://resources.metmuseum.org/resources/metpublications/pdf/Degas_1834_1917.pdf
161,http://resources.metmuseum.org/resources/metpublications/pdf/Degas_The_Artists_Mind.pdf
162,http://resources.metmuseum.org/resources/metpublications/pdf/Designing_Nature_The_Rinpa_Aesthetic_in_Japanese_Art.pdf
163,http://resources.metmuseum.org/resources/metpublications/pdf/Dosso_Dossi_Court_Painter_in_Renaissance_Ferrara.pdf
164,http://resources.metmuseum.org/resources/metpublications/pdf/Drawings_from_New_York_Collections_Vol_1_The_Italian_Renaissance.pdf
165,http://resources.metmuseum.org/resources/metpublications/pdf/Drawings_from_New_York_Collections_Vol_2_The_Seventeenth_Century_in_Italy.pdf
166,http://resources.metmuseum.org/resources/metpublications/pdf/Drawings_from_New_York_Collections_Vol_3_The_Eighteenth_Century_in_Italy.pdf
167,http://resources.metmuseum.org/resources/metpublications/pdf/Drawings_from_the_J_Paul_Getty_Museum.pdf
168,http://resources.metmuseum.org/resources/metpublications/pdf/The_Drawings_of_Bronzino.pdf
169,http://resources.metmuseum.org/resources/metpublications/pdf/The_Drawings_of_Filippino_Lippi_and_His_Circle.pdf
170,http://resources.metmuseum.org/resources/metpublications/pdf/Duccio_and_the_Origins_of_Western_Painting.pdf
171,http://resources.metmuseum.org/resources/metpublications/pdf/Duncan_Phyfe_Master_Cabinetmaker_in_New_York.pdf
172,http://resources.metmuseum.org/resources/metpublications/pdf/Durer_and_Beyond_Central_European_Drawings_1400_1700.pdf
173,http://resources.metmuseum.org/resources/metpublications/pdf/Dutch_Paintings_in_The_Metropolitan_Museum_of_Art_2_vols_.pdf
174,http://resources.metmuseum.org/resources/metpublications/pdf/Dutch_and_Flemish_Paintings_from_the_Hermitage.pdf
175,http://resources.metmuseum.org/resources/metpublications/pdf/Early_Indonesian_Textiles_from_Three_Island_Cultures.pdf
176,http://resources.metmuseum.org/resources/metpublications/pdf/Early_Netherlandish_Painting_at_the_Crossroads_A_Critical_Look_at_Current_Methodologies.pdf
177,http://resources.metmuseum.org/resources/metpublications/pdf/East_Asian_Lacquer_The_Florence_and_Herbert_Irving_Collection.pdf
178,http://resources.metmuseum.org/resources/metpublications/pdf/Echoing_Images_Couples_in_African_Sculpture.pdf
179,http://resources.metmuseum.org/resources/metpublications/pdf/Edward_Burne_Jones_Victorian_Artist_Dreamer.pdf
180,http://resources.metmuseum.org/resources/metpublications/pdf/Egyptian_Art_in_the_Age_of_the_Pyramids.pdf
181,http://resources.metmuseum.org/resources/metpublications/pdf/Egyptian_Stone_Vessels_Khian_through_Tuthmosis_IV.pdf
182,http://resources.metmuseum.org/resources/metpublications/pdf/Egyptian_Studies_III_varia_nova.pdf
183,http://resources.metmuseum.org/resources/metpublications/pdf/Egyptian_Titles_of_the_Middle_Kingdom_A_Supplement_to_Wm_Wards_Index.pdf
184,http://resources.metmuseum.org/resources/metpublications/pdf/Egyptian_Wall_Paintings_The_Metropolitan_Museum_of_Arts_Collection_of_Facsimiles.pdf
185,http://resources.metmuseum.org/resources/metpublications/pdf/Eighteen_Songs_of_a_Nomad_Flute_The_Story_of_Lady_Wen_chi_A_Fourteenth_Century_Handscroll_in_The_Me.pdf
186,http://resources.metmuseum.org/resources/metpublications/pdf/Eighteenth_Century_French_Drawings_in_New_York_Collections.pdf
187,http://resources.metmuseum.org/resources/metpublications/pdf/Eighteenth_Century_Italian_Drawings_from_the_Robert_Lehman_Collection.pdf
188,http://resources.metmuseum.org/resources/metpublications/pdf/Eighteenth_Century_Italian_Drawings_in_The_Metropolitan_Museum_of_Art.pdf
189,http://resources.metmuseum.org/resources/metpublications/pdf/Eighteenth_Century_Italian_Porcelain.pdf
190,http://resources.metmuseum.org/resources/metpublications/pdf/The_Eighteenth_Century_Woman.pdf
191,http://resources.metmuseum.org/resources/metpublications/pdf/The_Emperors_Album_Images_of_Mughal_India.pdf
192,http://resources.metmuseum.org/resources/metpublications/pdf/Enamels_of_Limoges_1100_1350.pdf
193,http://resources.metmuseum.org/resources/metpublications/pdf/English_and_French_Medieval_Stained_Glass_in_the_Collection_of_the_Metropolitan_Museum_of_Art.pdf
194,http://resources.metmuseum.org/resources/metpublications/pdf/English_and_Other_Silver_in_the_Irwin_Untermyer_Collection.pdf
195,http://resources.metmuseum.org/resources/metpublications/pdf/The_Engravings_of_Giorgio_Ghisi.pdf
196,http://resources.metmuseum.org/resources/metpublications/pdf/Essays_on_Near_Eastern_Art_and_Archaeology_in_Honor_of_Charles_Kyrle_Wilkinson.pdf
197,http://resources.metmuseum.org/resources/metpublications/pdf/The_Essential_Art_of_African_Textiles_Design_Without_End.pdf
198,http://resources.metmuseum.org/resources/metpublications/pdf/Eternal_Ancestors_The_Art_of_the_Central_African_Reliquary.pdf
199,http://resources.metmuseum.org/resources/metpublications/pdf/Eugene_Cuvelier_Photographer_in_the_Circle_of_Corot.pdf
200,http://resources.metmuseum.org/resources/metpublications/pdf/Eugene_Delacroix_1798_1863_Paintings_Drawings_and_Prints_from_North_American_Collections.pdf
201,http://resources.metmuseum.org/resources/metpublications/pdf/European_Furniture_in_The_Metropolitan_Museum_of_Art_Highlights_of_the_Collection.pdf
202,http://resources.metmuseum.org/resources/metpublications/pdf/European_Helmets_1450_1650_Treasures_from_the_Reserve_Collection.pdf
203,http://resources.metmuseum.org/resources/metpublications/pdf/European_Miniatures_in_The_Metropolitan_Museum_of_Art.pdf
204,http://resources.metmuseum.org/resources/metpublications/pdf/European_Paintings_in_The_Metropolitan_Museum_of_Art_by_Artists_Born_before_1865_A_Summary_Catalogue.pdf
205,http://resources.metmuseum.org/resources/metpublications/pdf/European_Post_Medieval_Tapestries_and_Related_Hangings_in_The_Metropolitan_Museum_of_Art_Volumes_I_a.pdf
206,http://resources.metmuseum.org/resources/metpublications/pdf/European_Terracottas_from_the_Arthur_M_Sackler_Collections.pdf
207,http://resources.metmuseum.org/resources/metpublications/pdf/Extravagant_Inventions_The_Princely_Furniture_of_the_Roentgens.pdf
208,http://resources.metmuseum.org/resources/metpublications/pdf/Fashions_of_the_Hapsburg_Era_Austria_Hungary.pdf
209,http://resources.metmuseum.org/resources/metpublications/pdf/Fifteenth_and_Sixteenth_Century_Italian_Drawings_in_The_Metropolitan_Museum_of_Art.pdf
210,http://resources.metmuseum.org/resources/metpublications/pdf/Fifteenth_Eighteenth_Century_French_Drawings_in_The_Metropolitan_Museum_of_Art.pdf
211,http://resources.metmuseum.org/resources/metpublications/pdf/Firearms_from_the_Collections_of_the_Prince_of_Liechtenstein.pdf
212,http://resources.metmuseum.org/resources/metpublications/pdf/The_Flame_and_the_Lotus_Indian_and_Southeast_Asian_Art_from_the_Kronos_Collections.pdf
213,http://resources.metmuseum.org/resources/metpublications/pdf/Flemish_Paintings_in_The_Metropolitan_Museum_of_Art.pdf
214,http://resources.metmuseum.org/resources/metpublications/pdf/Flowers_Underfoot_Indian_Carpets_of_the_Mughal_Era.pdf
215,http://resources.metmuseum.org/resources/metpublications/pdf/Following_the_Stars_Images_of_the_Zodiac_in_Islamic_Art.pdf
216,http://resources.metmuseum.org/resources/metpublications/pdf/For_Spirits_and_Kings_African_Art_from_the_Paul_and_Ruth_Tishman_Collection.pdf
217,http://resources.metmuseum.org/resources/metpublications/pdf/The_Four_Seasons.pdf
218,http://resources.metmuseum.org/resources/metpublications/pdf/Fra_Angelico.pdf
219,http://resources.metmuseum.org/resources/metpublications/pdf/France_in_the_Golden_Age_Seventeenth_Century_French_Paintings_in_American_Collections.pdf
220,http://resources.metmuseum.org/resources/metpublications/pdf/Frankish_Art_in_American_Collections.pdf
221,http://resources.metmuseum.org/resources/metpublications/pdf/Frans_Hals_Style_and_Substance.pdf
222,http://resources.metmuseum.org/resources/metpublications/pdf/French_Architectural_and_Ornament_Drawings_of_the_Eighteenth_Century.pdf
223,http://resources.metmuseum.org/resources/metpublications/pdf/French_Paintings_A_Catalogue_of_the_Collection_of_The_Metropolitan_Museum_of_Art_Vol_2_Nineteenth.pdf
224,http://resources.metmuseum.org/resources/metpublications/pdf/French_Paintings_in_The_Metropolitan_Museum_of_Art.pdf
225,http://resources.metmuseum.org/resources/metpublications/pdf/From_Attila_to_Charlemagne_Arts_of_the_Early_Medieval_Period_in_The_Metropolitan_Museum_of_Art.pdf
226,http://resources.metmuseum.org/resources/metpublications/pdf/From_Filippo_Lippi_to_Piero_della_Francesca_Fra_Carnevale_and_the_Making_of_a_Renaissance_Master.pdf
227,http://resources.metmuseum.org/resources/metpublications/pdf/From_Queen_to_Empress_Victorian_Dress_1837_1877.pdf
228,http://resources.metmuseum.org/resources/metpublications/pdf/From_Van_Eyck_to_Bruegel_Early_Netherlandish_Painting_in_The_Metropolitan_Museum_of_Art.pdf
229,http://resources.metmuseum.org/resources/metpublications/pdf/From_the_Lands_of_the_Scythians_Ancient_Treasures_from_the_Museums_of_the_USSR_3000_BC_100_BC_The_Metropolitan_Museum_of_Art_Bulletin_v_32_no_5_1973_1974.pdf
230,http://resources.metmuseum.org/resources/metpublications/pdf/Genesis_Ideas_of_Origin_in_African_Sculpture.pdf
231,http://resources.metmuseum.org/resources/metpublications/pdf/The_Genius_of_Andrea_Mantegna.pdf
232,http://resources.metmuseum.org/resources/metpublications/pdf/Genoa_Drawings_and_Prints_1530_1800.pdf
233,http://resources.metmuseum.org/resources/metpublications/pdf/Georges_Seurat_1859_1891.pdf
234,http://resources.metmuseum.org/resources/metpublications/pdf/Gerard_David_Purity_of_Vision_in_an_Age_of_Transition.pdf
235,http://resources.metmuseum.org/resources/metpublications/pdf/German_Masters_of_the_Nineteenth_Century_Paintings_and_Drawings_from_the_Federal_Republic_of_Germany.pdf
236,http://resources.metmuseum.org/resources/metpublications/pdf/German_Paintings_in_The_Metropolitan_Museum_of_Art_1350_1600.pdf
237,http://resources.metmuseum.org/resources/metpublications/pdf/Giambattista_Tiepolo_1696_1770.pdf
238,http://resources.metmuseum.org/resources/metpublications/pdf/A_Gift_of_Sound_The_Metropolitan_Museum_of_Art_Bulletin_v_76_no_1.pdf
239,http://resources.metmuseum.org/resources/metpublications/pdf/Gifts_for_the_Gods_Images_from_Ancient_Egyptian_Temples.pdf
240,http://resources.metmuseum.org/resources/metpublications/pdf/Gilbert_Stuart.pdf
241,http://resources.metmuseum.org/resources/metpublications/pdf/Glass_in_the_Collections_of_The_Metropolitan_Museum_of_Art.pdf
242,http://resources.metmuseum.org/resources/metpublications/pdf/Glass_of_the_Sultans.pdf
243,http://resources.metmuseum.org/resources/metpublications/pdf/The_Glory_of_Byzantium_Art_and_Culture_of_the_Middle_Byzantine_Era_AD_843_1261.pdf
244,http://resources.metmuseum.org/resources/metpublications/pdf/The_Gods_of_War_Sacred_Imagery_and_the_Decoration_of_Arms_and_Armor.pdf
245,http://resources.metmuseum.org/resources/metpublications/pdf/Gold_Boxes_The_Wrightsman_Collection.pdf
246,http://resources.metmuseum.org/resources/metpublications/pdf/The_Golden_Carriage_of_Prince_Joseph_Wenzel_von_Liechtenstein.pdf
247,http://resources.metmuseum.org/resources/metpublications/pdf/The_Golden_Deer_of_Eurasia_Perspectives_on_the_Steppe_Nomads_of_the_Ancient_World.pdf
248,http://resources.metmuseum.org/resources/metpublications/pdf/Gothic_and_Renaissance_Art_in_Nuremberg_1300_1550.pdf
249,http://resources.metmuseum.org/resources/metpublications/pdf/Goya_67_Drawings.pdf
250,http://resources.metmuseum.org/resources/metpublications/pdf/Goya_in_The_Metropolitan_Museum_of_Art.pdf
251,http://resources.metmuseum.org/resources/metpublications/pdf/A_Grand_Tableau_Charles_Le_Bruns_Portrait_of_the_Jabach_Family.pdf
252,http://resources.metmuseum.org/resources/metpublications/pdf/The_Great_Bronze_Age_of_China_An_Exhibition_from_the_Peoples_Republic_of_China.pdf
253,http://resources.metmuseum.org/resources/metpublications/pdf/The_Great_Wave_The_Influence_of_Japanese_Woodcuts_on_French_Prints.pdf
254,http://resources.metmuseum.org/resources/metpublications/pdf/Greek_Art_From_Prehistoric_to_Classical.pdf
255,http://resources.metmuseum.org/resources/metpublications/pdf/Greek_Art_of_the_Aegean_Islands.pdf
256,http://resources.metmuseum.org/resources/metpublications/pdf/Greek_Vase_Painting.pdf
257,http://resources.metmuseum.org/resources/metpublications/pdf/The_Gubbio_Studiolo_and_Its_Conservation_Vol_1_Federico_da_Montefeltros_Palace_at_Gubbio_and_Its_.pdf
258,http://resources.metmuseum.org/resources/metpublications/pdf/The_Gubbio_Studiolo_and_Its_Conservation_Vol_2_Italian_Renaissance_Intarsia_and_the_Conservation_o.pdf
259,http://resources.metmuseum.org/resources/metpublications/pdf/The_Guennol_Collection_Vol_1.pdf
260,http://resources.metmuseum.org/resources/metpublications/pdf/The_Guennol_Collection_Vol_2.pdf
261,http://resources.metmuseum.org/resources/metpublications/pdf/Guide_to_Provincial_Roman_and_Barbarian_Metalwork_and_Jewelry_in_The_Metropolitan_Museum_of_Art.pdf
262,http://resources.metmuseum.org/resources/metpublications/pdf/Guide_to_The_Metropolitan_Museum_of_Art_1972.pdf
263,http://resources.metmuseum.org/resources/metpublications/pdf/Guide_to_the_Collections_Ancient_Near_Eastern_Art.pdf
264,http://resources.metmuseum.org/resources/metpublications/pdf/A_Guide_to_the_Wrightsman_Galleries_at_The_Metropolitan_Museum_of_Art.pdf
265,http://resources.metmuseum.org/resources/metpublications/pdf/Guitar_Heroes_legendary_craftsmen_from_Italy_to_New_York.pdf
266,http://resources.metmuseum.org/resources/metpublications/pdf/A_Handbook_of_Chinese_Ceramics.pdf
267,http://resources.metmuseum.org/resources/metpublications/pdf/A_Handbook_of_Mohammedan_Decorative_Arts.pdf
268,http://resources.metmuseum.org/resources/metpublications/pdf/A_Handbook_of_the_American_Wing.pdf
269,http://resources.metmuseum.org/resources/metpublications/pdf/Handbook_of_the_Pierpont_Morgan_Wing.pdf
270,http://resources.metmuseum.org/resources/metpublications/pdf/Hatshepsut_From_Queen_to_Pharaoh.pdf
271,http://resources.metmuseum.org/resources/metpublications/pdf/Haute_Couture.pdf
272,http://resources.metmuseum.org/resources/metpublications/pdf/The_Hawes_Stokes_Collection_of_American_Daguerreotypes.pdf
273,http://resources.metmuseum.org/resources/metpublications/pdf/Helmets_and_Body_Armor_in_Modern_Warfare.pdf
274,http://resources.metmuseum.org/resources/metpublications/pdf/Herbs_for_the_Mediaeval_Household_for_Cooking_Healing_and_Divers_Uses.pdf
275,http://resources.metmuseum.org/resources/metpublications/pdf/Heritage_of_Power_Ancient_Sculpture_from_West_Mexico_The_Andrall_E_Pearson_Family_Collection.pdf
276,http://resources.metmuseum.org/resources/metpublications/pdf/Heroic_Armor_of_the_Italian_Renaissance_Filippo_Negroli_and_his_Contemporaries.pdf
277,http://resources.metmuseum.org/resources/metpublications/pdf/Highlights_of_the_Untermyer_Collection_of_English_and_Continental_Decorative_Arts.pdf
278,http://resources.metmuseum.org/resources/metpublications/pdf/History_of_Russian_Costume_from_the_Eleventh_to_the_Twentieth_Century.pdf
279,http://resources.metmuseum.org/resources/metpublications/pdf/A_History_of_the_Metropolitan_Museum_of_Art_and_Early_Institutions_of_Art.pdf
280,http://resources.metmuseum.org/resources/metpublications/pdf/Honore_Lannuier_Cabinetmaker_from_Paris_The_Life_and_Work_of_a_French_Ebeniste_in_Federal_New_York.pdf
281,http://resources.metmuseum.org/resources/metpublications/pdf/How_Prints_Look.pdf
282,http://resources.metmuseum.org/resources/metpublications/pdf/Hudson_River_School_Visions_The_Landscapes_of_Sanford_R_Gifford.pdf
283,http://resources.metmuseum.org/resources/metpublications/pdf/A_Hyatt_Mayor_Selected_Writings_and_a_Bibliography.pdf
284,http://resources.metmuseum.org/resources/metpublications/pdf/Illustrated_Poetry_and_Epic_Images_Persian_Painting_of_the_1330s_and_1340s.pdf
285,http://resources.metmuseum.org/resources/metpublications/pdf/The_Imperial_Style_Fashions_of_the_Hapsburg_Era.pdf
286,http://resources.metmuseum.org/resources/metpublications/pdf/Impressionism_A_Centenary_Exhibition.pdf
287,http://resources.metmuseum.org/resources/metpublications/pdf/Impressionist_and_Post_Impressionist_Paintings_in_The_Metropolitan_Museum_of_Art.pdf
288,http://resources.metmuseum.org/resources/metpublications/pdf/In_Pursuit_of_Beauty_Americans_and_the_Aesthetic_Movement.pdf
289,http://resources.metmuseum.org/resources/metpublications/pdf/In_Quest_of_Comfort_The_Easy_Chair_in_America.pdf
290,http://resources.metmuseum.org/resources/metpublications/pdf/In_the_Presence_of_Kings_Royal_Treasures_from_The_Collections_of_The_Metropolitan_Museum_of_Art.pdf
291,http://resources.metmuseum.org/resources/metpublications/pdf/India_Art_and_Culture_1300_1900.pdf
292,http://resources.metmuseum.org/resources/metpublications/pdf/Indian_Court_Painting_16th_19th_Century.pdf
293,http://resources.metmuseum.org/resources/metpublications/pdf/Infinite_Jest_Caricature_from_Leonardo_to_Levine.pdf
294,http://resources.metmuseum.org/resources/metpublications/pdf/Infra_Apparel.pdf
295,http://resources.metmuseum.org/resources/metpublications/pdf/Inscribed_Hadra_Vases_in_The_Metropolitan_Museum_of_Art.pdf
296,http://resources.metmuseum.org/resources/metpublications/pdf/Intimate_Landscapes_Photographs.pdf
297,http://resources.metmuseum.org/resources/metpublications/pdf/Islamic_Art_and_Geometric_Design_Activities_for_Learning.pdf
298,http://resources.metmuseum.org/resources/metpublications/pdf/Islamic_Jewelry_in_The_Metropolitan_Museum_of_Art.pdf
299,http://resources.metmuseum.org/resources/metpublications/pdf/Islamic_art_in_the_Metropolitan_Museum_the_historical_context.pdf
300,http://resources.metmuseum.org/resources/metpublications/pdf/Issues_of_Authenticity_in_Chinese_Painting.pdf
301,http://resources.metmuseum.org/resources/metpublications/pdf/Italian_Medieval_Sculpture_in_the_Metropolitan_Museum_of_Art_and_The_Cloisters.pdf
302,http://resources.metmuseum.org/resources/metpublications/pdf/Italian_Paintings_A_Catalogue_of_the_Collection_of_The_Metropolitan_Museum_of_Art_Vol_1_Florentin.pdf
303,http://resources.metmuseum.org/resources/metpublications/pdf/Italian_Paintings_A_Catalogue_of_the_Collection_of_The_Metropolitan_Museum_of_Art_Vol_2_Venetian_School.pdf
304,http://resources.metmuseum.org/resources/metpublications/pdf/Italian_Paintings_A_Catalogue_of_the_Collection_of_The_Metropolitan_Museum_of_Art_Vol_3_Sienese_a.pdf
305,http://resources.metmuseum.org/resources/metpublications/pdf/Italian_Paintings_A_Catalogue_of_the_Collection_of_The_Metropolitan_Museum_of_Art_Vol_4_North_Ita.pdf
306,http://resources.metmuseum.org/resources/metpublications/pdf/Italian_Renaissance_Drawings_from_the_Musee_du_Louvre_Paris_Roman_Tuscan_and_Emilian_Schools_150.pdf
307,http://resources.metmuseum.org/resources/metpublications/pdf/Italian_Renaissance_Frames.pdf
308,http://resources.metmuseum.org/resources/metpublications/pdf/The_Jack_and_Belle_Linsky_Collection_in_The_Metropolitan_Museum_of_Art.pdf
309,http://resources.metmuseum.org/resources/metpublications/pdf/Jade_in_Ancient_Costa_Rica.pdf
310,http://resources.metmuseum.org/resources/metpublications/pdf/The_Jaharis_Gospel_Lectionary_The_Story_of_a_Byzantine_Book.pdf
311,http://resources.metmuseum.org/resources/metpublications/pdf/The_James_F_Ballard_Collection_of_Oriental_Rugs.pdf
312,http://resources.metmuseum.org/resources/metpublications/pdf/The_Janice_H_Levin_Collection_of_French_Art.pdf
313,http://resources.metmuseum.org/resources/metpublications/pdf/Japanese_Art_Selections_from_the_Mary_and_Jackson_Burke_Collection.pdf
314,http://resources.metmuseum.org/resources/metpublications/pdf/Japanese_Art_from_the_Gerry_Collection_in_The_Metropolitan_Museum_of_Art.pdf
315,http://resources.metmuseum.org/resources/metpublications/pdf/Japanese_Bamboo_Art_The_Abbey_Collection.pdf
316,http://resources.metmuseum.org/resources/metpublications/pdf/Japanese_Ceramics_from_the_Tanakamaru_Collection.pdf
317,http://resources.metmuseum.org/resources/metpublications/pdf/Japanese_Lacquer_1600_1900_Selections_from_the_Charles_A_Greenfield_Collection.pdf
318,http://resources.metmuseum.org/resources/metpublications/pdf/John_Singer_Sargent_A_Selection_of_Drawings_and_Watercolors_from_The_Metropolitan_Museum_of_Art.pdf
319,http://resources.metmuseum.org/resources/metpublications/pdf/John_Singer_Sargents_Alpine_Sketchbooks_A_Young_Artists_Perspective.pdf
320,http://resources.metmuseum.org/resources/metpublications/pdf/John_Singleton_Copley_in_America.pdf
321,http://resources.metmuseum.org/resources/metpublications/pdf/John_Townsend_Newport_Cabinetmaker.pdf
322,http://resources.metmuseum.org/resources/metpublications/pdf/John_Vanderlyns_Panoramic_View_of_the_Palace_and_Gardens_of_Versailles.pdf
323,http://resources.metmuseum.org/resources/metpublications/pdf/Jusepe_de_Ribera_1591_1652.pdf
324,http://resources.metmuseum.org/resources/metpublications/pdf/Kerry_James_Marshall_A_Creative_Convening.pdf
325,http://resources.metmuseum.org/resources/metpublications/pdf/A_Kings_Book_of_Kings_The_Shah_nameh_of_Shah_Tahmasp.pdf
326,http://resources.metmuseum.org/resources/metpublications/pdf/Korean_Buncheong_Ceramics_from_Leeum_Samsung_Museum_of_Art.pdf
327,http://resources.metmuseum.org/resources/metpublications/pdf/La_Belle_Epoque.pdf
328,http://resources.metmuseum.org/resources/metpublications/pdf/Landscapes_Clear_and_Radiant_The_Art_of_Wang_Hui_1632_1717.pdf
329,http://resources.metmuseum.org/resources/metpublications/pdf/The_Legacy_of_Genghis_Khan_Courtly_Art_and_Culture_in_Western_Asia_1256_1353.pdf
330,http://resources.metmuseum.org/resources/metpublications/pdf/Leonardo_da_Vinci_Anatomical_Drawings_from_the_Royal_Library_Windsor_Castle.pdf
331,http://resources.metmuseum.org/resources/metpublications/pdf/Leonardo_da_Vinci_Master_Draftsman.pdf
332,http://resources.metmuseum.org/resources/metpublications/pdf/Li_Kung_lins_Classic_of_Filial_Piety.pdf
333,http://resources.metmuseum.org/resources/metpublications/pdf/Liechtenstein_Palaces_in_Vienna_from_the_Age_of_the_Baroque.pdf
334,http://resources.metmuseum.org/resources/metpublications/pdf/Liechtenstein_The_Princely_Collections.pdf
335,http://resources.metmuseum.org/resources/metpublications/pdf/Light_on_Stone_Greek_and_Roman_Sculpture_in_The_Metropolitan_Museum_of_Art_a_Photographic_Essay.pdf
336,http://resources.metmuseum.org/resources/metpublications/pdf/The_Lotus_Transcendent_Indian_and_Southeast_Asian_Art_from_the_Samuel_Eilenberg_Collection.pdf
337,http://resources.metmuseum.org/resources/metpublications/pdf/Louis_Comfort_Tiffany_and_Laurelton_Hall_An_Artists_Country_Estate.pdf
338,http://resources.metmuseum.org/resources/metpublications/pdf/Louis_Comfort_Tiffany_at_the_Metropolitan_Museum_of_Art.pdf
339,http://resources.metmuseum.org/resources/metpublications/pdf/The_Luminous_Image_Painted_Glass_Roundels_in_the_Lowlands_1480_1560.pdf
340,http://resources.metmuseum.org/resources/metpublications/pdf/The_Lure_of_the_Exotic_Gauguin_in_New_York_Collections.pdf
341,http://resources.metmuseum.org/resources/metpublications/pdf/Madame_Gres.pdf
342,http://resources.metmuseum.org/resources/metpublications/pdf/Man_Myth_and_Sensual_Pleasures_Jan_Gossarts_Renaissance.pdf
343,http://resources.metmuseum.org/resources/metpublications/pdf/Man_and_the_Horse_an_illustrated_history_of_equestrian_apparel.pdf
344,http://resources.metmuseum.org/resources/metpublications/pdf/The_Manchu_Dragon_Costumes_of_the_Ching_Dynasty_1644_1912.pdf
345,http://resources.metmuseum.org/resources/metpublications/pdf/Manet_and_the_American_Civil_War_The_Battle_of_USS_Kearsarge_and_CSS_Alabama.pdf
346,http://resources.metmuseum.org/resources/metpublications/pdf/Manet_Velazquez_The_French_Taste_for_Spanish_Painting.pdf
347,http://resources.metmuseum.org/resources/metpublications/pdf/Marcel_Breuer_Bauhaus_Tradition_Brutalist_Invention.pdf
348,http://resources.metmuseum.org/resources/metpublications/pdf/Masterpieces_of_American_Painting_in_The_Metropolitan_Museum_of_Art.pdf
349,http://resources.metmuseum.org/resources/metpublications/pdf/Masterpieces_of_European_Painting_1800_1920_in_the_Metropolitan_Museum_of_Art.pdf
350,http://resources.metmuseum.org/resources/metpublications/pdf/Masterpieces_of_Painting_in_The_Metropolitan_Museum_of_Art.pdf
351,http://resources.metmuseum.org/resources/metpublications/pdf/Masterpieces_of_Tapestry_from_the_Fourteenth_to_the_Sixteenth_Century.pdf
352,http://resources.metmuseum.org/resources/metpublications/pdf/Masterpieces_of_the_Metropolitan_Museum_of_Art_2006.pdf
353,http://resources.metmuseum.org/resources/metpublications/pdf/Masterpieces_of_The_Metropolitan_Museum_of_Art_1993.pdf
354,http://resources.metmuseum.org/resources/metpublications/pdf/A_Masterwork_of_Byzantine_Art_The_David_Plates_The_Story_of_David_and_Goliath_Activities_for_Learning.pdf
355,http://resources.metmuseum.org/resources/metpublications/pdf/Masterworks_from_the_Musee_des_Beaux_Arts_Lille.pdf
356,http://resources.metmuseum.org/resources/metpublications/pdf/Masterworks_from_the_Museum_of_the_American_Indian_Heye_Foundation.pdf
357,http://resources.metmuseum.org/resources/metpublications/pdf/Medieval_Art_A_Resource_for_Educators.pdf
358,http://resources.metmuseum.org/resources/metpublications/pdf/Medieval_Art_from_Private_Collections.pdf
359,http://resources.metmuseum.org/resources/metpublications/pdf/Medieval_Monuments_at_the_Cloisters_as_They_Were_and_as_They_Are.pdf
360,http://resources.metmuseum.org/resources/metpublications/pdf/Medieval_Tapestries_in_The_Metropolitan_Museum_of_Art.pdf
361,http://resources.metmuseum.org/resources/metpublications/pdf/Metropolitan_Jewelry.pdf
362,http://resources.metmuseum.org/resources/metpublications/pdf/Metropolitan_Museum_Studies_in_Art_Science_and_Technology.pdf
363,http://resources.metmuseum.org/resources/metpublications/pdf/The_Metropolitan_Museum_of_Art_Guide_1994.pdf
364,http://resources.metmuseum.org/resources/metpublications/pdf/The_Metropolitan_Museum_of_Art_Guide_to_the_Collections_Prints.pdf
365,http://resources.metmuseum.org/resources/metpublications/pdf/The_Metropolitan_Museum_of_Art_Notable_Acquisitions_1965_1975.pdf
366,http://resources.metmuseum.org/resources/metpublications/pdf/The_Metropolitan_Museum_of_Art_Vol_1_Egypt_and_the_Ancient_Near_East.pdf
367,http://resources.metmuseum.org/resources/metpublications/pdf/The_Metropolitan_Museum_of_Art_Vol_10_Asia.pdf
368,http://resources.metmuseum.org/resources/metpublications/pdf/The_Metropolitan_Museum_of_Art_Vol_11_The_Islamic_World.pdf
369,http://resources.metmuseum.org/resources/metpublications/pdf/The_Metropolitan_Museum_of_Art_Vol_12_The_Pacific_Islands_Africa_and_the_Americas.pdf
370,http://resources.metmuseum.org/resources/metpublications/pdf/The_Metropolitan_Museum_of_Art_Vol_2_Greece_and_Rome.pdf
371,http://resources.metmuseum.org/resources/metpublications/pdf/The_Metropolitan_Museum_of_Art_Vol_3_Europe_in_the_Middle_Ages.pdf
372,http://resources.metmuseum.org/resources/metpublications/pdf/The_Metropolitan_Museum_of_Art_Vol_4_The_Renaissance_in_Italy_and_Spain.pdf
373,http://resources.metmuseum.org/resources/metpublications/pdf/The_Metropolitan_Museum_of_Art_Vol_5_The_Renaissance_in_the_North.pdf
374,http://resources.metmuseum.org/resources/metpublications/pdf/The_Metropolitan_Museum_of_Art_Vol_6_Europe_in_the_Age_of_Monarchy.pdf
375,http://resources.metmuseum.org/resources/metpublications/pdf/The_Metropolitan_Museum_of_Art_Vol_7_Europe_in_the_Age_of_Enlightenment_and_Revolution.pdf
376,http://resources.metmuseum.org/resources/metpublications/pdf/The_Metropolitan_Museum_of_Art_Vol_8_Modern_Europe.pdf
377,http://resources.metmuseum.org/resources/metpublications/pdf/The_Metropolitan_Museum_of_Art_Vol_9_The_United_States_of_America.pdf
378,http://resources.metmuseum.org/resources/metpublications/pdf/Middle_Kingdom_Tomb_Architecture_at_Lisht_The_Metropolitan_Museum_of_Art_Egyptian_Expedition.pdf
379,http://resources.metmuseum.org/resources/metpublications/pdf/Migration_Art_AD_300_800.pdf
380,http://resources.metmuseum.org/resources/metpublications/pdf/The_Milkmaid_by_Johannes_Vermeer.pdf
381,http://resources.metmuseum.org/resources/metpublications/pdf/The_Minbar_from_the_Kutubiyya_Mosque.pdf
382,http://resources.metmuseum.org/resources/metpublications/pdf/Mirror_of_the_Invisible_World_Tales_from_the_Khamseh_of_Nizami.pdf
383,http://resources.metmuseum.org/resources/metpublications/pdf/Mirror_of_the_Medieval_World.pdf
384,http://resources.metmuseum.org/resources/metpublications/pdf/Modern_Design_in_the_Metropolitan_Museum_of_Art_1890_1990.pdf
385,http://resources.metmuseum.org/resources/metpublications/pdf/Momoyama_Japanese_Art_in_the_Age_of_Grandeur.pdf
386,http://resources.metmuseum.org/resources/metpublications/pdf/Monets_Years_at_Giverny_Beyond_Impressionism.pdf
387,http://resources.metmuseum.org/resources/metpublications/pdf/Native_Paths_American_Indian_Art_from_the_Collection_of_Charles_and_Valerie_Diker.pdf
388,http://resources.metmuseum.org/resources/metpublications/pdf/Nature_within_Walls_The_Chinese_Garden_Court_at_The_Metropolitan_Museum_of_Art_A_Resource_for_Educators.pdf
389,http://resources.metmuseum.org/resources/metpublications/pdf/Near_Eastern_Jewelry_A_Picture_Book.pdf
390,http://resources.metmuseum.org/resources/metpublications/pdf/Netsuke_Masterpieces_from_The_Metropolitan_Museum_of_Art.pdf
391,http://resources.metmuseum.org/resources/metpublications/pdf/The_New_Nineteenth_Century_European_Paintings_and_Sculpture_Galleries.pdf
392,http://resources.metmuseum.org/resources/metpublications/pdf/The_New_York_Obelisk_or_How_Cleopatras_Needle_came_to_New_York_and_what_happened_when_it_got_here.pdf
393,http://resources.metmuseum.org/resources/metpublications/pdf/Nineteenth_Century_America_Furniture_and_Other_Decorative_Arts.pdf
394,http://resources.metmuseum.org/resources/metpublications/pdf/Nineteenth_Century_America_Paintings_and_Sculpture.pdf
395,http://resources.metmuseum.org/resources/metpublications/pdf/Nineteenth_Century_French_Drawings_from_the_Robert_Lehman_Collection.pdf
396,http://resources.metmuseum.org/resources/metpublications/pdf/Nishapur_Glass_of_the_Early_Islamic_Period.pdf
397,http://resources.metmuseum.org/resources/metpublications/pdf/Nishapur_Metalwork_of_the_Early_Islamic_Period.pdf
398,http://resources.metmuseum.org/resources/metpublications/pdf/Nishapur_Pottery_of_the_Early_Islamic_Period.pdf
399,http://resources.metmuseum.org/resources/metpublications/pdf/Nishapur_Some_Early_Islamic_Buildings_and_Their_Decoration.pdf
400,http://resources.metmuseum.org/resources/metpublications/pdf/Nomadic_Art_of_the_Eastern_Eurasian_Steppes_The_Eugene_V_Thaw_and_Other_Notable_New_York_Collection.pdf
401,http://resources.metmuseum.org/resources/metpublications/pdf/Notable_Acquisitions_1979_1980.pdf
402,http://resources.metmuseum.org/resources/metpublications/pdf/Notable_Acquisitions_1980_81.pdf
403,http://resources.metmuseum.org/resources/metpublications/pdf/Notable_Acquisitions_1981_1982.pdf
404,http://resources.metmuseum.org/resources/metpublications/pdf/Notable_Acquisitions_1982_1983.pdf
405,http://resources.metmuseum.org/resources/metpublications/pdf/Notable_Acquisitions_1983_1984.pdf
406,http://resources.metmuseum.org/resources/metpublications/pdf/Notable_Acquisitions_1984_1985.pdf
407,http://resources.metmuseum.org/resources/metpublications/pdf/Oceania_Art_of_the_Pacific_Islands_in_the_Metropolitan_Museum_of_Art.pdf
408,http://resources.metmuseum.org/resources/metpublications/pdf/Of_Arms_and_Men_Arms_and_Armor_at_the_Metropolitan_1912_2012.pdf
409,http://resources.metmuseum.org/resources/metpublications/pdf/One_Hundred_European_Drawings_in_The_Metropolitan_Museum_of_Art.pdf
410,http://resources.metmuseum.org/resources/metpublications/pdf/Orazio_and_Artemisia_Gentileschi.pdf
411,http://resources.metmuseum.org/resources/metpublications/pdf/Orientalism_Visions_of_the_East_in_Western_Dress.pdf
412,http://resources.metmuseum.org/resources/metpublications/pdf/Origins_of_Impressionism.pdf
413,http://resources.metmuseum.org/resources/metpublications/pdf/Our_New_Clothes_Acquisitions_of_the_1990s.pdf
414,http://resources.metmuseum.org/resources/metpublications/pdf/Painters_of_Reality_The_Legacy_of_Leonardo_and_Caravaggio_in_Lombardy.pdf
415,http://resources.metmuseum.org/resources/metpublications/pdf/Painting_and_Illumination_in_Early_Renaissance_Florence_1300_1450.pdf
416,http://resources.metmuseum.org/resources/metpublications/pdf/Painting_in_Renaissance_Siena_1420_1500.pdf
417,http://resources.metmuseum.org/resources/metpublications/pdf/Papers_On_the_Rationalization_of_Sight.pdf
418,http://resources.metmuseum.org/resources/metpublications/pdf/Pastel_Portraits_Images_of_18th_Century_Europe.pdf
419,http://resources.metmuseum.org/resources/metpublications/pdf/Paul_Signac_1863_1935_Paintings_Watercolors_Drawings_and_Prints.pdf
420,http://resources.metmuseum.org/resources/metpublications/pdf/Paul_Strand_circa_1916.pdf
421,http://resources.metmuseum.org/resources/metpublications/pdf/Peach_Blossom_Spring_Gardens_and_Flowers_in_Chinese_Painting.pdf
422,http://resources.metmuseum.org/resources/metpublications/pdf/Pen_and_Parchment_Drawing_in_the_Middle_Ages.pdf
423,http://resources.metmuseum.org/resources/metpublications/pdf/Perceptions_of_Byzantium_and_Its_Neighbors_843_1261.pdf
424,http://resources.metmuseum.org/resources/metpublications/pdf/Perfect_Documents_Walker_Evans_and_African_Art_1935.pdf
425,http://resources.metmuseum.org/resources/metpublications/pdf/Period_Rooms_in_The_Metropolitan_Museum_of_Art.pdf
426,http://resources.metmuseum.org/resources/metpublications/pdf/Persian_Drawings_in_The_Metropolitan_Museum_of_Art.pdf
427,http://resources.metmuseum.org/resources/metpublications/pdf/Persian_Miniatures_A_Picture_Book.pdf
428,http://resources.metmuseum.org/resources/metpublications/pdf/Persian_Tiles.pdf
429,http://resources.metmuseum.org/resources/metpublications/pdf/Perspectives_on_American_Sculpture_Before_1925.pdf
430,http://resources.metmuseum.org/resources/metpublications/pdf/Peruvian_Featherworks_Art_of_the_Precolumbian_Era.pdf
431,http://resources.metmuseum.org/resources/metpublications/pdf/Peter_Paul_Rubens_The_Decius_Mus_Cycle.pdf
432,http://resources.metmuseum.org/resources/metpublications/pdf/Peter_Paul_Rubens_The_Drawings.pdf
433,http://resources.metmuseum.org/resources/metpublications/pdf/Petrus_Christus_Renaissance_Master_of_Bruges.pdf
434,http://resources.metmuseum.org/resources/metpublications/pdf/Philippe_de_Montebello_and_The_Metropolitan_Museum_of_Art_1977_2008.pdf
435,http://resources.metmuseum.org/resources/metpublications/pdf/The_Photographs_of_Edouard_Baldus.pdf
436,http://resources.metmuseum.org/resources/metpublications/pdf/Picturesque_Ideas_on_the_Flight_into_Egypt.pdf
437,http://resources.metmuseum.org/resources/metpublications/pdf/Pierre_Bonnard_The_Graphic_Art.pdf
438,http://resources.metmuseum.org/resources/metpublications/pdf/Pierre_Bonnard_The_Late_Still_Lifes_and_Interiors.pdf
439,http://resources.metmuseum.org/resources/metpublications/pdf/The_Pieta_in_French_Late_Gothic_Sculpture_Regional_Variations.pdf
440,http://resources.metmuseum.org/resources/metpublications/pdf/Pieter_Bruegel_the_Elder_Drawings_and_Prints.pdf
441,http://resources.metmuseum.org/resources/metpublications/pdf/Playing_with_Fire_European_Terracotta_Models_1740_1840.pdf
442,http://resources.metmuseum.org/resources/metpublications/pdf/Poiret.pdf
443,http://resources.metmuseum.org/resources/metpublications/pdf/Portraits_by_Ingres_Image_of_an_Epoch.pdf
444,http://resources.metmuseum.org/resources/metpublications/pdf/Poussin_and_Nature_Arcadian_Visions.pdf
445,http://resources.metmuseum.org/resources/metpublications/pdf/Prague_The_Crown_of_Bohemia_1347_1437.pdf
446,http://resources.metmuseum.org/resources/metpublications/pdf/Prints_and_People_A_Social_History_of_Printed_Pictures.pdf
447,http://resources.metmuseum.org/resources/metpublications/pdf/The_Private_Collection_of_Edgar_Degas.pdf
448,http://resources.metmuseum.org/resources/metpublications/pdf/The_Private_Collection_of_Edgar_Degas_A_Summary_Catalogue.pdf
449,http://resources.metmuseum.org/resources/metpublications/pdf/Publications_of_The_Metropolitan_Museum_of_Art_1964_2005_A_Bibliography.pdf
450,http://resources.metmuseum.org/resources/metpublications/pdf/The_Pyramid_Complex_of_Senwosret_I.pdf
451,http://resources.metmuseum.org/resources/metpublications/pdf/The_Pyramid_of_Senwosret_I.pdf
452,http://resources.metmuseum.org/resources/metpublications/pdf/Radiance_and_Reflection_Medieval_Art_from_the_Raymond_Pitcairn_Collection.pdf
453,http://resources.metmuseum.org/resources/metpublications/pdf/Raphael_at_the_Metropolitan_The_Colonna_Altarpiece.pdf
454,http://resources.metmuseum.org/resources/metpublications/pdf/Raqqa_Revisited_Ceramics_of_Ayyubid_Syria.pdf
455,http://resources.metmuseum.org/resources/metpublications/pdf/Rayyane_Tabet_Alien_Property.pdf
456,http://resources.metmuseum.org/resources/metpublications/pdf/Re_Used_Blocks_from_the_Pyramid_of_Amenemhet_I_at_Lisht.pdf
457,http://resources.metmuseum.org/resources/metpublications/pdf/Recent_Acquisitions_A_Selection_1985_1986.pdf
458,http://resources.metmuseum.org/resources/metpublications/pdf/Recent_Acquisitions_A_Selection_1986_1987.pdf
459,http://resources.metmuseum.org/resources/metpublications/pdf/Recent_Acquisitions_A_Selection_1987_1988.pdf
460,http://resources.metmuseum.org/resources/metpublications/pdf/Recent_Acquisitions_A_Selection_2014_2016.pdf
461,http://resources.metmuseum.org/resources/metpublications/pdf/Recent_Acquisitions_A_Selection_2016_2018.pdf
462,http://resources.metmuseum.org/resources/metpublications/pdf/Red_Figured_Athenian_Vases_in_the_Metropolitan_Museum_of_Art_I.pdf
463,http://resources.metmuseum.org/resources/metpublications/pdf/Rembrandt_and_the_Bible.pdf
464,http://resources.metmuseum.org/resources/metpublications/pdf/Renaissance_Ornament_Prints_and_Drawings.pdf
465,http://resources.metmuseum.org/resources/metpublications/pdf/The_Renaissance_Portrait_From_Donatello_to_Bellini.pdf
466,http://resources.metmuseum.org/resources/metpublications/pdf/The_Renaissance_Sackbut_and_Its_Use_Today.pdf
467,http://resources.metmuseum.org/resources/metpublications/pdf/Resplendence_of_the_Spanish_Monarchy_Renaissance_Tapestries_and_Armor_from_the_Patrimonio_Nacional.pdf
468,http://resources.metmuseum.org/resources/metpublications/pdf/The_Robert_Lehman_Collection_Vol_1_Italian_Paintings.pdf
469,http://resources.metmuseum.org/resources/metpublications/pdf/The_Robert_Lehman_Collection_Vol_10_Italian_Majolica.pdf
470,http://resources.metmuseum.org/resources/metpublications/pdf/The_Robert_Lehman_Collection_Vol_11_Glass.pdf
471,http://resources.metmuseum.org/resources/metpublications/pdf/The_Robert_Lehman_Collection_Vol_13_Frames.pdf
472,http://resources.metmuseum.org/resources/metpublications/pdf/The_Robert_Lehman_Collection_Vol_14_European_Textiles.pdf
473,http://resources.metmuseum.org/resources/metpublications/pdf/The_Robert_Lehman_Collection_Vol_2_Fifteenth_to_Eighteenth_Century_European_Paintings_France_Ce.pdf
474,http://resources.metmuseum.org/resources/metpublications/pdf/The_Robert_Lehman_Collection_Vol_3_Nineteenth_and_Twentieth_Century_Paintings.pdf
475,http://resources.metmuseum.org/resources/metpublications/pdf/The_Robert_Lehman_Collection_Vol_4_Illuminations.pdf
476,http://resources.metmuseum.org/resources/metpublications/pdf/The_Robert_Lehman_Collection_Vol_5_Italian_Fifteenth_to_Seventeenth_Century_Drawings.pdf
477,http://resources.metmuseum.org/resources/metpublications/pdf/The_Robert_Lehman_Collection_Vol_6_Italian_Eighteenth_Century_Drawings.pdf
478,http://resources.metmuseum.org/resources/metpublications/pdf/Fifteenth_to_Eighteenth_Century_European_Drawings_in_the_Robert_Lehman_Collection_Central_Europe_t.pdf
479,http://resources.metmuseum.org/resources/metpublications/pdf/The_Robert_Lehman_Collection_Vol_8_American_Drawings_and_Watercolors.pdf
480,http://resources.metmuseum.org/resources/metpublications/pdf/Rodin_The_B_Gerald_Cantor_Collection.pdf
481,http://resources.metmuseum.org/resources/metpublications/pdf/Roman_Art_A_Resource_for_Educators.pdf
482,http://resources.metmuseum.org/resources/metpublications/pdf/Roman_Sarcophagi_in_The_Metropolitan_Museum_of_Art.pdf
483,http://resources.metmuseum.org/resources/metpublications/pdf/The_Romantic_Vision_of_Caspar_David_Friedrich_Paintings_and_Drawings_from_the_USSR.pdf
484,http://resources.metmuseum.org/resources/metpublications/pdf/The_Roof_Garden_Commission_Pierre_Huyghe.pdf
485,http://resources.metmuseum.org/resources/metpublications/pdf/Rooms_With_a_View_The_Open_Window_in_the_19th_Century.pdf
486,http://resources.metmuseum.org/resources/metpublications/pdf/The_Royal_Abbey_of_Saint_Denis_in_the_Time_of_Abbot_Suger_1122_1151.pdf
487,http://resources.metmuseum.org/resources/metpublications/pdf/Royal_Art_of_Benin_The_Perls_Collection.pdf
488,http://resources.metmuseum.org/resources/metpublications/pdf/Royal_City_of_Susa_Ancient_Near_Eastern_Treasures_in_the_Louvre.pdf
489,http://resources.metmuseum.org/resources/metpublications/pdf/The_Royal_Women_of_Amarna_Images_of_Beauty_from_Ancient_Egypt.pdf
490,http://resources.metmuseum.org/resources/metpublications/pdf/Sacred_Visions_Early_Paintings_from_Central_Tibet.pdf
491,http://resources.metmuseum.org/resources/metpublications/pdf/Saint_Catherines_Monastery_Sinai_Egypt_A_Photographic_Essay.pdf
492,http://resources.metmuseum.org/resources/metpublications/pdf/Sasanian_Stamp_Seals_in_The_Metropolitan_Museum_of_Art.pdf
493,http://resources.metmuseum.org/resources/metpublications/pdf/The_Scepter_of_Egypt_Vol_1_From_the_Earliest_Times_to_the_End_of_the_Middle_Kingdom.pdf
494,http://resources.metmuseum.org/resources/metpublications/pdf/The_Scepter_of_Egypt_Vol_2_The_Hyksos_Period_and_the_New_Kingdom_1675_1080_BC.pdf
495,http://resources.metmuseum.org/resources/metpublications/pdf/Sculpture_from_Notre_Dame_Paris_A_Dramatic_Discovery.pdf
496,http://resources.metmuseum.org/resources/metpublications/pdf/The_Search_for_Alexander_Supplement_to_the_Catalogue.pdf
497,http://resources.metmuseum.org/resources/metpublications/pdf/The_Secular_Spirit_Life_and_Art_at_the_End_of_the_Middle_Ages.pdf
498,http://resources.metmuseum.org/resources/metpublications/pdf/Selections_of_Nineteenth_Century_Afro_American_Art.pdf
499,http://resources.metmuseum.org/resources/metpublications/pdf/Set_in_Stone_The_Face_in_Medieval_Sculpture.pdf
500,http://resources.metmuseum.org/resources/metpublications/pdf/Seventeenth_Century_Dutch_and_Flemish_Drawings_from_the_Robert_Lehman_Collection.pdf
501,http://resources.metmuseum.org/resources/metpublications/pdf/Seventeenth_Century_French_Ceramic_Art.pdf
502,http://resources.metmuseum.org/resources/metpublications/pdf/Seventeenth_Century_Italian_Drawings_in_The_Metropolitan_Museum_of_Art.pdf
503,http://resources.metmuseum.org/resources/metpublications/pdf/Sevres_Porcelain_Makers_and_Marks_of_the_Eighteenth_Century.pdf
504,http://resources.metmuseum.org/resources/metpublications/pdf/The_Shaping_of_Art_and_Architecture_in_Nineteenth_Century_America.pdf
505,http://resources.metmuseum.org/resources/metpublications/pdf/Signac_1863_1935.pdf
506,http://resources.metmuseum.org/resources/metpublications/pdf/Silver_Vessels_of_the_Sasanian_Period_Vol_1_Royal_Imagery.pdf
507,http://resources.metmuseum.org/resources/metpublications/pdf/Sixteenth_Century_Italian_Drawings_in_New_York_Collections.pdf
508,http://resources.metmuseum.org/resources/metpublications/pdf/Spirit_and_Ritual_The_Morse_Collection_of_Ancient_Chinese_Art.pdf
509,http://resources.metmuseum.org/resources/metpublications/pdf/Splendid_Isolation_Art_of_Easter_Island.pdf
510,http://resources.metmuseum.org/resources/metpublications/pdf/Splendid_Legacy_The_Havemeyer_Collection.pdf
511,http://resources.metmuseum.org/resources/metpublications/pdf/The_Splendor_of_Dresden_Five_Centuries_of_Art_Collecting.pdf
512,http://resources.metmuseum.org/resources/metpublications/pdf/The_St_Martin_Embroideries.pdf
513,http://resources.metmuseum.org/resources/metpublications/pdf/Storytelling_in_Japanese_Art.pdf
514,http://resources.metmuseum.org/resources/metpublications/pdf/Studies_in_Early_Egyptian_Glass.pdf
515,http://resources.metmuseum.org/resources/metpublications/pdf/Studio_Glass_in_The_Metropolitan_Museum_of_Art.pdf
516,http://resources.metmuseum.org/resources/metpublications/pdf/Sultans_of_the_South_Arts_of_Indias_Deccan_Courts_1323_1687.pdf
517,http://resources.metmuseum.org/resources/metpublications/pdf/Summer_Mountains_The_Timeless_Landscape.pdf
518,http://resources.metmuseum.org/resources/metpublications/pdf/Sung_and_Yuan_Paintings.pdf
519,http://resources.metmuseum.org/resources/metpublications/pdf/Sweet_Herbs_and_Sundry_Flowers_Medieval_Gardens_and_the_Gardens_of_The_Cloisters.pdf
520,http://resources.metmuseum.org/resources/metpublications/pdf/Swords_into_Ploughshares.pdf
521,http://resources.metmuseum.org/resources/metpublications/pdf/Symbol_and_Substance_in_American_Indian_Art.pdf
522,http://resources.metmuseum.org/resources/metpublications/pdf/The_Tale_of_Genji_A_Japanese_Classic_Illuminated.pdf
523,http://resources.metmuseum.org/resources/metpublications/pdf/Tapestry_in_the_Renaissance_Art_and_Magnificence.pdf
524,http://resources.metmuseum.org/resources/metpublications/pdf/Textiles_of_Late_Antiquity.pdf
525,http://resources.metmuseum.org/resources/metpublications/pdf/Theodore_Rousseau_Selections_from_His_Writings.pdf
526,http://resources.metmuseum.org/resources/metpublications/pdf/Thomas_Eakins_and_The_Metropolitan_Museum_of_Art.pdf
527,http://resources.metmuseum.org/resources/metpublications/pdf/Tibet_and_India_Buddhist_Traditions_and_Transformations.pdf
528,http://resources.metmuseum.org/resources/metpublications/pdf/Tokens_of_a_Friendship_Miniature_Watercolors_by_William_T_Richards.pdf
529,http://resources.metmuseum.org/resources/metpublications/pdf/The_Tomb_of_Ip_at_El_Saff.pdf
530,http://resources.metmuseum.org/resources/metpublications/pdf/The_Tomb_of_Three_Foreign_Wives_of_Tuthmosis_III.pdf
531,http://resources.metmuseum.org/resources/metpublications/pdf/Toulouse_Lautrec_in_The_Metropolitan_Museum_of_Art.pdf
532,http://resources.metmuseum.org/resources/metpublications/pdf/Treasures_of_Early_Irish_Art_1500_BC_to_1500_AD.pdf
533,http://resources.metmuseum.org/resources/metpublications/pdf/Treasures_of_a_Lost_Art_Italian_Manuscript_Painting_of_the_Middle_Ages_and_Renaissance.pdf
534,http://resources.metmuseum.org/resources/metpublications/pdf/The_Treasury_of_Basel_Cathedral.pdf
535,http://resources.metmuseum.org/resources/metpublications/pdf/The_Treasury_of_San_Marco_Venice.pdf
536,http://resources.metmuseum.org/resources/metpublications/pdf/Turkish_Miniature_Paintings_and_Manuscripts_from_the_Collection_of_Edwin_Binney_3rd.pdf
537,http://resources.metmuseum.org/resources/metpublications/pdf/Turners_Whaling_Pictures.pdf
538,http://resources.metmuseum.org/resources/metpublications/pdf/Turning_Point_Oribe_and_the_Arts_of_Sixteenth_Century_Japan.pdf
539,http://resources.metmuseum.org/resources/metpublications/pdf/Two_by_Two.pdf
540,http://resources.metmuseum.org/resources/metpublications/pdf/Ultra_Violet_Rays.pdf
541,http://resources.metmuseum.org/resources/metpublications/pdf/Umberto_Boccioni.pdf
542,http://resources.metmuseum.org/resources/metpublications/pdf/The_Unicorn_Tapestries.pdf
543,http://resources.metmuseum.org/resources/metpublications/pdf/The_Unseen_Rembrandt.pdf
544,http://resources.metmuseum.org/resources/metpublications/pdf/Utamaro_Songs_of_the_Garden.pdf
545,http://resources.metmuseum.org/resources/metpublications/pdf/Van_Gogh_in_Arles.pdf
546,http://resources.metmuseum.org/resources/metpublications/pdf/Van_Gogh_in_Saint_Remy_and_Auvers.pdf
547,http://resources.metmuseum.org/resources/metpublications/pdf/The_Vatican_Collections_The_Papacy_and_Art.pdf
548,http://resources.metmuseum.org/resources/metpublications/pdf/The_Vatican_Spirit_and_Art_of_Christian_Rome.pdf
549,http://resources.metmuseum.org/resources/metpublications/pdf/Velazquez.pdf
550,http://resources.metmuseum.org/resources/metpublications/pdf/Velazquez_Rediscovered.pdf
551,http://resources.metmuseum.org/resources/metpublications/pdf/Venetian_Prints_and_Books_in_the_Age_of_Tiepolo.pdf
552,http://resources.metmuseum.org/resources/metpublications/pdf/Vermeer_and_the_Delft_School.pdf
553,http://resources.metmuseum.org/resources/metpublications/pdf/Vienna_Circa_1780_An_Imperial_Silver_Service_Rediscovered.pdf
554,http://resources.metmuseum.org/resources/metpublications/pdf/Vincent_van_Gogh_The_Drawings.pdf
555,http://resources.metmuseum.org/resources/metpublications/pdf/Waist_Not_The_Migration_of_the_Waist_1800_1960.pdf
556,http://resources.metmuseum.org/resources/metpublications/pdf/A_Walk_through_the_American_Wing.pdf
557,http://resources.metmuseum.org/resources/metpublications/pdf/A_Walk_through_the_Cloisters.pdf
558,http://resources.metmuseum.org/resources/metpublications/pdf/Warriors_of_the_Himalayas_Rediscovering_the_Arms_and_Armor_of_Tibet.pdf
559,http://resources.metmuseum.org/resources/metpublications/pdf/Watercolors_of_the_Acropolis_Emile_Gillieron_in_Athens.pdf
560,http://resources.metmuseum.org/resources/metpublications/pdf/When_Silk_Was_Gold_Central_Asian_and_Chinese_Textiles.pdf
561,http://resources.metmuseum.org/resources/metpublications/pdf/The_Wild_Man_Medieval_Myth_and_Symbolism.pdf
562,http://resources.metmuseum.org/resources/metpublications/pdf/Wisdom_Embodied_Chinese_Buddhist_and_Daoist_Sculpture_in_The_Metropolitan_Museum_of_Art.pdf
563,http://resources.metmuseum.org/resources/metpublications/pdf/Wonder_of_the_Age_Master_Painters_of_India_1100_1900.pdf
564,http://resources.metmuseum.org/resources/metpublications/pdf/Wordrobe.pdf
565,http://resources.metmuseum.org/resources/metpublications/pdf/Words_and_Images_Chinese_Poetry_Calligraphy_and_Painting.pdf
566,http://resources.metmuseum.org/resources/metpublications/pdf/World_War_I_and_the_Visual_Arts.pdf
567,http://resources.metmuseum.org/resources/metpublications/pdf/The_World_of_Khubilai_Khan_Chinese_Art_in_the_Yuan_Dynasty.pdf
568,http://resources.metmuseum.org/resources/metpublications/pdf/The_Wrightsman_Collection_Vol_5_Paintings_Drawings_and_Sculpture.pdf
569,http://resources.metmuseum.org/resources/metpublications/pdf/The_Wrightsman_Collection_Vols_1_and_2_Furniture_Gilt_Bronze_and_Mounted_Porcelain_Carpets.pdf
570,http://resources.metmuseum.org/resources/metpublications/pdf/The_Wrightsman_Collection_Vols_3_and_4_Furniture_Snuffboxes_Silver_Bookbindings_Porcelain.pdf
571,http://resources.metmuseum.org/resources/metpublications/pdf/The_Wrightsman_Galleries_for_French_Decorative_Arts_The_Metropolitan_Museum_of_Art.pdf
572,http://resources.metmuseum.org/resources/metpublications/pdf/The_Wrightsman_Pictures.pdf
573,http://resources.metmuseum.org/resources/metpublications/pdf/The_Written_Image_Japanese_Calligraphy_and_Painting_from_the_Sylvan_Barnet_and_William_Burto_Collect.pdf
574,http://resources.metmuseum.org/resources/metpublications/pdf/The_Year_1200_A_Background_Survey.pdf
575,http://resources.metmuseum.org/resources/metpublications/pdf/The_Year_1200_A_Centennial_Exhibition_at_The_Metropolitan_Museum_of_Art.pdf
576,http://resources.metmuseum.org/resources/metpublications/pdf/The_Year_1200_A_Symposium.pdf
577,http://resources.metmuseum.org/resources/metpublications/pdf/The_Year_One_Art_of_the_Ancient_World_East_and_West.pdf
578,http://resources.metmuseum.org/resources/metpublications/pdf/Zurbaran.pdf
